{
  "$type": "Api.Missions.MissionModel[], Api",
  "$values": [
    {
      "$type": "Api.Missions.NewObservationMissionModel, Api",
      "Type": 1,
      "Value": null,
      "EndingCondition": {
        "$type": "Api.Missions.NumberOfActionsModel, Api",
        "Number": 2
      },
      "RestrictedArea": {
        "$type": "Api.Missions.CircleAreaModel, Api",
        "Center": {
          "$type": "Api.Missions.CoordinateModel, Api",
          "Latitude": 48.015947000000004,
          "Longitude": -0.5762835000000001
        },
        "Radius": 3000.0
      },
      "Title": "Première identification",
      "Description": "Première identification description"
    },
    {
      "$type": "Api.Missions.NewObservationMissionModel, Api",
      "Type": 1,
      "Value": null,
      "EndingCondition": {
        "$type": "Api.Missions.TimeLimitModel, Api",
        "Minutes": 5
      },
      "RestrictedArea": {
        "$type": "Api.Missions.PolygonAreaModel, Api",
        "Polygon": {
          "$type": "Api.Missions.CoordinateModel[], Api",
          "$values": [
            {
              "$type": "Api.Missions.CoordinateModel, Api",
              "Latitude": 48.019921,
              "Longitude": -0.574204
            },
            {
              "$type": "Api.Missions.CoordinateModel, Api",
              "Latitude": 48.01395,
              "Longitude": -0.573883
            },
            {
              "$type": "Api.Missions.CoordinateModel, Api",
              "Latitude": 48.015214,
              "Longitude": -0.588023
            },
            {
              "$type": "Api.Missions.CoordinateModel, Api",
              "Latitude": 48.021041,
              "Longitude": -0.587873
            },
            {
              "$type": "Api.Missions.CoordinateModel, Api",
              "Latitude": 48.019921,
              "Longitude": -0.574204
            }
          ]
        }
      },
      "Title": "Seconde identification",
      "Description": "Seconde identification description"
    },
    {
      "$type": "Api.Missions.IdentificationMissionModel, Api",
      "Restriction": null,
      "ObservationIdentified": null,
      "EndingCondition": {
        "$type": "Api.Missions.NumberOfActionsModel, Api",
        "Number": 5
      },
      "RestrictedArea": {
        "$type": "Api.Missions.PolygonAreaModel, Api",
        "Polygon": {
          "$type": "Api.Missions.CoordinateModel[], Api",
          "$values": [
            {
              "$type": "Api.Missions.CoordinateModel, Api",
              "Latitude": 48.019921,
              "Longitude": -0.574204
            },
            {
              "$type": "Api.Missions.CoordinateModel, Api",
              "Latitude": 48.01395,
              "Longitude": -0.573883
            },
            {
              "$type": "Api.Missions.CoordinateModel, Api",
              "Latitude": 48.015214,
              "Longitude": -0.588023
            },
            {
              "$type": "Api.Missions.CoordinateModel, Api",
              "Latitude": 48.021041,
              "Longitude": -0.587873
            },
            {
              "$type": "Api.Missions.CoordinateModel, Api",
              "Latitude": 48.019921,
              "Longitude": -0.574204
            }
          ]
        }
      },
      "Title": "Identifier cinq relevés spécifiques dans une zone définit",
      "Description": "Identifier cinq relevés spécifiques dans une zone définit"
    },
    {
      "$type": "Api.Missions.IdentificationMissionModel, Api",
      "Restriction": null,
      "ObservationIdentified": {
        "$type": "System.String[], System.Private.CoreLib",
        "$values": [
          "f8c0f1bb5ed44f66add7289e08ecbdce",
          "796837ead7e246adb7aad7454f9f10a1"
        ]
      },
      "EndingCondition": {
        "$type": "Api.Missions.NumberOfActionsModel, Api",
        "Number": 2
      },
      "RestrictedArea": null,
      "Title": "Identifier des relevés sélectionnés",
      "Description": "Identifier des relevés sélectionnés"
    },
    {
      "$type": "Api.Missions.IdentificationMissionModel, Api",
      "Restriction": {
        "$type": "Api.Missions.RestrictionModel, Api",
        "Type": 1,
        "Value": "Abricotier commun",
        "Genus": "Prunus",
        "Species": "Prunus Armeniaca"
      },
      "ObservationIdentified": null,
      "EndingCondition": {
        "$type": "Api.Missions.NumberOfActionsModel, Api",
        "Number": 2
      },
      "RestrictedArea": {
        "$type": "Api.Missions.CircleAreaModel, Api",
        "Center": {
          "$type": "Api.Missions.CoordinateModel, Api",
          "Latitude": 48.0699066369019,
          "Longitude": -0.7595157623291017
        },
        "Radius": 1000.0
      },
      "Title": "Identifier des relevés spécifiques dans une zone circulaire",
      "Description": "Identifier des relevés spécifiques dans une zone circulaire"
    },
    {
      "$type": "Api.Missions.VerificationMissionModel, Api",
      "UnreliableObservation": false,
      "ObservationWithPics": false,
      "Restriction": null,
      "EndingCondition": {
        "$type": "Api.Missions.NumberOfActionsModel, Api",
        "Number": 2
      },
      "RestrictedArea": {
        "$type": "Api.Missions.CircleAreaModel, Api",
        "Center": {
          "$type": "Api.Missions.CoordinateModel, Api",
          "Latitude": 48.0699066369019,
          "Longitude": -0.7595157623291017
        },
        "Radius": 1000.0
      },
      "Title": "Vérifier des relevés spécifiques dans une zone circulaire avec photo",
      "Description": "Vérifier des relevés spécifiques dans une zone circulaire avec photo"
    },
    {
      "$type": "Api.Missions.VerificationMissionModel, Api",
      "UnreliableObservation": false,
      "ObservationWithPics": false,
      "Restriction": {
        "$type": "Api.Missions.RestrictionModel, Api",
        "Type": 1,
        "Value": "Abricotier commun",
        "Genus": "Prunus",
        "Species": "Prunus Armeniaca"
      },
      "EndingCondition": {
        "$type": "Api.Missions.TimeLimitModel, Api",
        "Minutes": 10
      },
      "RestrictedArea": {
        "$type": "Api.Missions.PolygonAreaModel, Api",
        "Polygon": {
          "$type": "Api.Missions.CoordinateModel[], Api",
          "$values": [
            {
              "$type": "Api.Missions.CoordinateModel, Api",
              "Latitude": 48.019921,
              "Longitude": -0.574204
            },
            {
              "$type": "Api.Missions.CoordinateModel, Api",
              "Latitude": 48.01395,
              "Longitude": -0.573883
            },
            {
              "$type": "Api.Missions.CoordinateModel, Api",
              "Latitude": 48.015214,
              "Longitude": -0.588023
            },
            {
              "$type": "Api.Missions.CoordinateModel, Api",
              "Latitude": 48.021041,
              "Longitude": -0.587873
            },
            {
              "$type": "Api.Missions.CoordinateModel, Api",
              "Latitude": 48.019921,
              "Longitude": -0.574204
            }
          ]
        }
      },
      "Title": "Vérifier des relevés spécifiques dans une zone polygonale avec chrono",
      "Description": "Vérifier des relevés spécifiques dans une zone polygonale avec chrono"
    },
    {
      "$type": "Api.Missions.VerificationMissionModel, Api",
      "UnreliableObservation": false,
      "ObservationWithPics": false,
      "Restriction": null,
      "EndingCondition": {
        "$type": "Api.Missions.TimeLimitModel, Api",
        "Minutes": 10
      },
      "RestrictedArea": null,
      "Title": "Vérifier des relevés spécifiques dans une zone circulaire",
      "Description": "Vérifier des relevés spécifiques dans une zone circulaire"
    }
  ]
}