﻿[
    {
      "name": "Voyageur",
      "explorationPoints": 54,
      "knowledgePoints": 0
    },
    {
      "name": "Voyageur confirmé",
      "explorationPoints": 108,
      "knowledgePoints": 0      
    },
    {
      "name": "Voyageur expérimenté",
      "explorationPoints": 162,
      "knowledgePoints": 0
    },
    {
      "name": "Curieux des bois",
      "explorationPoints": 54,
      "knowledgePoints": 70     
    },
    {
      "name": "Explorateur de la forêt",
      "explorationPoints": 108,
      "knowledgePoints": 70    
    },
    {
      "name": "Routard des étendues forestières",
      "explorationPoints": 162,
      "knowledgePoints": 70     
    },
    {
      "name": "Observateur attenboisé",
      "explorationPoints": 54,
      "knowledgePoints": 140
    },
    {
      "name": "Explorateur-botaniste aguerri",
      "explorationPoints": 108,
      "knowledgePoints": 140
    },
    {
      "name": "Maître explorateur botaniste",
      "explorationPoints": 162,
      "knowledgePoints": 140   
    },
    {
      "name": "Oeil d'aigle des arbres",
      "explorationPoints": 54,
      "knowledgePoints": 210     
    },
    {
      "name": "Archéologue botaniste",
      "explorationPoints": 108,
      "knowledgePoints": 210,         
    },
    {
      "name": "Voyageur",
      "explorationPoints": 62,
      "knowledgePoints": 210      
    }
  ]