﻿[
  {
    "title": "1 activité, c’est un bon début",
    "image": "trophee4.jpg",
    "countSuccessFullActivities": 1
  },
  {
    "title": "C’est mieux à 2",
    "image": "trophee4.jpg",
    "countSuccessFullActivities": 2
  },
  {
    "title": "Jamais 2 sans 3",
    "image": "trophee4.jpg",
    "countSuccessFullActivities": 3
  },
  {
    "title": "Les 4 activités de l'apocalypse",
    "image": "trophee4.jpg",
    "countSuccessFullActivities": 4
  },
  {
    "title": "Une mission qui se déroule sans accroc",
    "image": "trophee4.jpg",
    "countSuccessFullActivities": 5
  }
]
